Scale Factor,Sequence Length,Hidden Size,Loss Vector,Accuracy
1,5,2,"[0.9453797340393066, 0.8791759014129639, 0.827918291091919, 0.797071635723114, 0.7784929275512695, 0.7657313942909241, 0.7569047212600708, 0.7502909898757935, 0.7453932166099548, 0.7416934967041016]",0.475
1,5,4,"[0.8795665502548218, 0.8279547095298767, 0.813681960105896, 0.8427295088768005, 0.9450412392616272, 0.9878700375556946, 1.1904528141021729, 1.1757471561431885, 1.2166998386383057, 1.2411187887191772]",0.89
1,5,8,"[0.5379603505134583, 0.3497260808944702, 0.39997997879981995, 0.31704026460647583, 0.31750011444091797, 0.3206302523612976, 0.31803828477859497, 0.32044917345046997, 0.3137758672237396, 0.3139737546443939]",0.92
1,5,16,"[0.5758137702941895, 0.6578587889671326, 0.6729673743247986, 0.6884316205978394, 0.6887165307998657, 0.6912141442298889, 0.6870851516723633, 0.6924359798431396, 0.6886657476425171, 0.6926435828208923]",0.83
1,5,32,"[0.317779004573822, 0.31470659375190735, 0.31375008821487427, 0.3134409785270691, 0.31335532665252686, 0.313325434923172, 0.31330645084381104, 0.31327924132347107, 0.31327158212661743, 0.31329527497291565]",0.85
1,10,2,"[0.8284070491790771, 0.7984741926193237, 0.7798278331756592, 0.7672022581100464, 0.7580384016036987, 0.7511666417121887, 0.7459802627563477, 0.7420567274093628, 0.7374331951141357, 0.7273839712142944]",0.445
1,10,4,"[0.5439456701278687, 0.5917174816131592, 0.6154961585998535, 0.631464958190918, 0.6388040781021118, 0.6312458515167236, 0.6250360608100891, 0.6195546984672546, 0.6185800433158875, 0.6158643960952759]",0.675
1,10,8,"[0.8476706743240356, 0.8006945252418518, 0.7769004106521606, 0.7521488666534424, 0.7626401782035828, 0.7579594254493713, 0.7423670291900635, 0.7348740100860596, 0.7251605987548828, 0.7083002924919128]",0.62
1,10,16,"[0.8694841265678406, 0.7875537872314453, 0.7603899836540222, 0.7478466033935547, 0.7275159955024719, 0.7179752588272095, 0.7179186940193176, 0.7066084742546082, 0.7234753966331482, 0.6972923278808594]",0.86
1,10,32,"[0.6993714570999146, 0.6938518285751343, 0.6934340000152588, 0.6932620406150818, 0.6932037472724915, 0.6931772828102112, 0.6931660771369934, 0.6931572556495667, 0.6931562423706055, 0.6931540966033936]",0.505
1,20,2,"[0.5091564655303955, 0.5660082101821899, 0.5996859073638916, 0.6182848811149597, 0.6302722692489624, 0.6389646530151367, 0.6456041932106018, 0.6508536338806152, 0.6551526784896851, 0.658715009689331]",0.485
1,20,4,"[0.8868471384048462, 0.7938358783721924, 0.7637538909912109, 0.7477741837501526, 0.7375879883766174, 0.7304099798202515, 0.7250270247459412, 0.7208212018013, 0.7175401449203491, 0.7148350477218628]",0.49
1,20,8,"[0.6002213358879089, 0.6291419267654419, 0.441818505525589, 0.38912463188171387, 0.3638942539691925, 0.3508699834346771, 0.3394147455692291, 0.3320588171482086, 0.3263128697872162, 0.32342636585235596]",0.615
1,20,16,"[0.6404945254325867, 0.6638845205307007, 0.6731306910514832, 0.6781285405158997, 0.6807369589805603, 0.6814016103744507, 0.6571134328842163, 0.6540242433547974, 0.6184213161468506, 0.42112454771995544]",0.71
1,20,32,"[0.6716471910476685, 0.6823253035545349, 0.6855199933052063, 0.683481752872467, 0.6761295199394226, 0.6916345953941345, 0.6917682886123657, 0.691307783126831, 0.6910672783851624, 0.6902202367782593]",0.51
1,40,2,"[0.5105335116386414, 0.5507088303565979, 0.5836843252182007, 0.6033837199211121, 0.6166300177574158, 0.6263473033905029, 0.633870542049408, 0.6399109959602356, 0.6448671221733093, 0.6490218639373779]",0.505
1,40,4,"[0.8337075710296631, 0.7796114683151245, 0.7586105465888977, 0.7461445927619934, 0.737518846988678, 0.7314716577529907, 0.7270390391349792, 0.7228621244430542, 0.7192423939704895, 0.7164259552955627]",0.52
1,40,8,"[0.5935156941413879, 0.6450085043907166, 0.6607967019081116, 0.6688109636306763, 0.6738156676292419, 0.6775367259979248, 0.6799867749214172, 0.6822617053985596, 0.6836448311805725, 0.6845988631248474]",0.48
1,40,16,"[0.7455199360847473, 0.7222495675086975, 0.7145562767982483, 0.7098239660263062, 0.707348644733429, 0.8100942373275757, 0.7498759031295776, 1.0260393619537354, 1.1754685640335083, 1.1495839357376099]",0.735
1,40,32,"[0.7068791389465332, 0.7006376385688782, 0.6976931691169739, 0.6955918073654175, 0.693862795829773, 0.6943050622940063, 0.8863678574562073, 0.7347937822341919, 0.6947110891342163, 0.6933435201644897]",0.67
1,80,2,"[0.5180861949920654, 0.5638440847396851, 0.590430498123169, 0.6092957854270935, 0.6269375681877136, 0.6408511996269226, 0.6516978740692139, 0.660093367099762, 0.6667501926422119, 0.6718098521232605]",0.56
1,80,4,"[0.8624495267868042, 0.7823866605758667, 0.7579753398895264, 0.7479580640792847, 0.7465177774429321, 0.7439298629760742, 0.7410625219345093, 0.7403255105018616, 0.7373724579811096, 0.7315989136695862]",0.57
1,80,8,"[0.778607964515686, 0.7411298155784607, 0.7276207208633423, 0.7643924951553345, 0.7317373752593994, 0.7236242890357971, 0.7168483734130859, 0.7583522200584412, 0.735480546951294, 0.7240018844604492]",0.47
1,80,16,"[0.7447503209114075, 0.8852969408035278, 0.7244760990142822, 0.715297281742096, 0.890207052230835, 0.721659779548645, 0.73967444896698, 0.7092419862747192, 0.7026829123497009, 0.7003801465034485]",0.545
1,80,32,"[0.723275899887085, 1.2711610794067383, 1.2921302318572998, 1.1654167175292969, 0.8287081122398376, 0.9986117482185364, 1.0421698093414307, 1.0187571048736572, 1.1369322538375854, 0.7104060053825378]",0.595
1,160,2,"[0.514775812625885, 0.5517055988311768, 0.5762945413589478, 0.5936585664749146, 0.6065977215766907, 0.616568386554718, 0.6243913173675537, 0.6307400465011597, 0.6356760263442993, 0.6388890147209167]",0.525
1,160,4,"[0.5885483026504517, 0.6193875074386597, 0.6328266859054565, 0.6465933918952942, 0.49859368801116943, 0.5975144505500793, 0.6312795877456665, 0.6508168578147888, 0.546396017074585, 0.595201849937439]",0.545
1,160,8,"[0.7966645359992981, 0.7474820613861084, 0.823157787322998, 0.7573392987251282, 0.7237849831581116, 0.7053486108779907, 1.2532435655593872, 0.6968709230422974, 0.6953038573265076, 0.6949844360351562]",0.96
1,160,16,"[0.6520049571990967, 0.4099069833755493, 0.6277142763137817, 0.34888872504234314, 0.6182001233100891, 0.6486080884933472, 0.6619108319282532, 0.5368582010269165, 0.6109131574630737, 0.6468960642814636]",0.5
1,160,32,"[0.5119818449020386, 0.522217869758606, 0.6203855276107788, 0.3290581703186035, 0.5329717397689819, 0.6029492616653442, 0.5078058838844299, 0.3474047780036926, 0.347389280796051, 0.41072505712509155]",0.775
3,5,2,"[1.0399378538131714, 1.0305767059326172, 1.0188394784927368, 1.0598737001419067, 1.0515731573104858, 0.9993135929107666, 0.9731688499450684, 0.9882358908653259, 0.8962360620498657, 0.9706324934959412]",0.7
3,5,4,"[0.9132949113845825, 0.7851517200469971, 0.8018699884414673, 0.8095917701721191, 0.7815686464309692, 0.7179350852966309, 0.7356736063957214, 0.7109490633010864, 0.715940535068512, 0.7070562839508057]",0.86
3,5,8,"[0.35070428252220154, 0.32548511028289795, 0.3185573220252991, 0.3162875771522522, 0.31491819024086, 0.31415313482284546, 0.3138555586338043, 0.3137882351875305, 0.31354737281799316, 0.31355249881744385]",0.845
3,5,16,"[0.3301871120929718, 0.3177796006202698, 0.3148130774497986, 0.3143807053565979, 0.3164590001106262, 0.3166254162788391, 0.3136274218559265, 0.313445508480072, 0.313352108001709, 0.31329581141471863]",0.89
3,5,32,"[0.3297327160835266, 0.31441187858581543, 0.3138217628002167, 0.6926175355911255, 0.6909878253936768, 0.691328763961792, 0.3155330419540405, 0.31384703516960144, 0.3135138154029846, 0.3133738040924072]",0.875
3,10,2,"[0.8794909715652466, 0.8284260034561157, 0.7961478233337402, 0.7903516888618469, 0.7733427882194519, 0.7469725012779236, 0.751015841960907, 0.7319923043251038, 0.7364181876182556, 0.7287331819534302]",0.575
3,10,4,"[0.457930326461792, 0.4460422396659851, 0.40891939401626587, 0.38915032148361206, 0.3695544898509979, 0.3534485697746277, 0.34214940667152405, 0.3349667489528656, 0.3296104669570923, 0.32484352588653564]",0.855
3,10,8,"[0.8069499135017395, 0.7367694973945618, 0.7197783589363098, 0.7078858613967896, 0.7043419480323792, 0.6991499662399292, 0.6969274878501892, 0.6957280039787292, 0.6947802305221558, 0.6946003437042236]",0.805
3,10,16,"[0.7812052369117737, 0.7628546953201294, 0.7026280164718628, 0.7045696973800659, 0.6953599452972412, 0.6957793235778809, 0.69452303647995, 0.6945557594299316, 0.6940737962722778, 0.694260835647583]",0.915
3,10,32,"[0.31823062896728516, 0.3142174780368805, 0.3136749863624573, 0.3134843707084656, 0.6928562521934509, 0.6873239278793335, 0.32465362548828125, 0.3164006173610687, 0.6920480728149414, 0.3159761428833008]",0.835
3,20,2,"[0.8403939008712769, 0.8081496953964233, 0.789711058139801, 0.7782458066940308, 0.7700269222259521, 0.7635294198989868, 0.7593792676925659, 0.7553666830062866, 0.7517452239990234, 0.7485092878341675]",0.625
3,20,4,"[0.8645968437194824, 0.8155080676078796, 0.7840188145637512, 0.7827144265174866, 0.8042430877685547, 0.8509924411773682, 0.9004971385002136, 0.9730137586593628, 1.0578234195709229, 1.0966825485229492]",0.745
3,20,8,"[0.9847499132156372, 0.9947358965873718, 1.0209259986877441, 0.9428115487098694, 0.9687401056289673, 0.8133429884910583, 0.7583109736442566, 0.7291621565818787, 0.7108539938926697, 0.7085511684417725]",0.865
3,20,16,"[0.9309784173965454, 0.8788112998008728, 0.8608096837997437, 0.718778133392334, 0.7354733347892761, 1.0199956893920898, 1.1829442977905273, 1.183713436126709, 1.2461460828781128, 0.9456974267959595]",0.485
3,20,32,"[0.711750864982605, 0.6978475451469421, 0.6952318549156189, 0.698835551738739, 0.6943256258964539, 0.6988992094993591, 0.6936195492744446, 0.6935330033302307, 0.6935663223266602, 0.69411700963974]",0.84
3,40,2,"[0.4461613595485687, 0.44485145807266235, 0.4365136921405792, 0.42595475912094116, 0.42348453402519226, 0.4004083573818207, 0.39324530959129333, 0.3904278576374054, 0.3871869742870331, 0.3830329179763794]",0.745
3,40,4,"[0.8759711980819702, 1.0702409744262695, 1.0244262218475342, 0.7776784896850586, 0.8078080415725708, 0.8972078561782837, 0.7461816072463989, 0.7819205522537231, 0.7307739853858948, 0.7225887179374695]",0.95
3,40,8,"[0.7757561206817627, 0.7464131116867065, 0.7292230129241943, 0.7176536321640015, 0.7151860594749451, 0.7155575752258301, 0.7139571905136108, 0.7060559391975403, 0.7047439813613892, 0.7009665369987488]",0.605
3,40,16,"[0.7717441320419312, 0.7374054193496704, 0.7246637344360352, 0.7159110903739929, 0.7109441161155701, 0.7083998322486877, 0.7065076231956482, 0.7655057907104492, 0.7337518930435181, 0.7215811014175415]",0.5
3,40,32,"[0.8298227787017822, 0.85673588514328, 0.7918421626091003, 0.7670053839683533, 0.7788553237915039, 0.7856921553611755, 0.7866960167884827, 0.8379268646240234, 1.0243728160858154, 0.9785079956054688]",0.775
3,80,2,"[0.5030107498168945, 0.507380485534668, 0.5068929195404053, 0.5039107799530029, 0.4999242424964905, 0.49539852142333984, 0.491982638835907, 0.48976489901542664, 0.4978286325931549, 0.5052763819694519]",0.715
3,80,4,"[0.8332309126853943, 0.7700603604316711, 0.7373349666595459, 0.7213473320007324, 0.7125987410545349, 0.7075108885765076, 0.7042233943939209, 0.7020047307014465, 0.7004373073577881, 0.6991890072822571]",0.75
3,80,8,"[0.6022122502326965, 0.6096755862236023, 0.5899589657783508, 0.5620722770690918, 0.4930168092250824, 0.36674192547798157, 0.33114874362945557, 0.3219481110572815, 0.3206772208213806, 0.3156724274158478]",0.94
3,80,16,"[0.754453182220459, 1.274244785308838, 0.7262468934059143, 0.7166598439216614, 0.7103076577186584, 0.7123556733131409, 0.7397217154502869, 0.7225551605224609, 0.7154267430305481, 0.7141580581665039]",0.54
3,80,32,"[0.4480566382408142, 0.3957892060279846, 0.34145474433898926, 0.32409998774528503, 0.33339956402778625, 0.3679956793785095, 0.37827199697494507, 0.38579344749450684, 0.4154074788093567, 0.3479192554950714]",0.68
3,160,2,"[0.5987739562988281, 0.6151310801506042, 0.6316131949424744, 0.6414221525192261, 0.6518619656562805, 0.6604379415512085, 0.6671047806739807, 0.6727325916290283, 0.6773262619972229, 0.6809288263320923]",0.65
3,160,4,"[0.4201052784919739, 0.4165363907814026, 0.42664599418640137, 0.40825334191322327, 0.37181052565574646, 0.3752957582473755, 0.37034717202186584, 0.3519209325313568, 0.339047908782959, 0.33900630474090576]",0.725
3,160,8,"[0.5011196136474609, 0.5742355585098267, 0.39960578083992004, 0.38536322116851807, 0.6418752074241638, 0.37640181183815, 0.3746044635772705, 0.3812544047832489, 0.3860030174255371, 0.38863569498062134]",0.69
3,160,16,"[0.7376968264579773, 0.7099064588546753, 1.2196824550628662, 0.7020853757858276, 0.699144721031189, 0.6998993754386902, 0.6962113976478577, 0.6956121325492859, 0.6954476237297058, 0.6952663660049438]",0.805
3,160,32,"[0.7956816554069519, 0.7936685681343079, 0.757444441318512, 0.9415759444236755, 0.7646569013595581, 0.9310652017593384, 0.7123194932937622, 0.7025355696678162, 0.7068217396736145, 0.7157063484191895]",0.74
5,5,2,"[0.5689379572868347, 0.5660623908042908, 0.5410711765289307, 0.5039411783218384, 0.47311484813690186, 0.4425368010997772, 0.42042890191078186, 0.4176521599292755, 0.40310850739479065, 0.379133015871048]",0.805
5,5,4,"[0.3968922793865204, 0.3703610599040985, 0.35362711548805237, 0.34145838022232056, 0.3350174129009247, 0.32996833324432373, 0.32751649618148804, 0.33174848556518555, 0.32440614700317383, 0.321861207485199]",0.89
5,5,8,"[0.8953745365142822, 0.7756572961807251, 0.7471649646759033, 0.7407865524291992, 0.742587149143219, 0.7209946513175964, 0.7032889723777771, 0.7198336124420166, 0.7182338237762451, 0.6985247731208801]",0.875
5,5,16,"[0.7502913475036621, 0.7177019715309143, 0.7028865218162537, 0.6980365514755249, 0.6966440081596375, 0.6953801512718201, 0.6939963102340698, 0.6942752003669739, 0.6933441758155823, 0.6935975551605225]",0.865
5,5,32,"[0.3249177038669586, 0.31576013565063477, 0.3135763704776764, 0.313357949256897, 0.31368371844291687, 0.3134416937828064, 0.3136925995349884, 0.3133453130722046, 0.3133808672428131, 0.31376001238822937]",0.875
5,10,2,"[1.053351640701294, 1.0252513885498047, 1.0104700326919556, 1.0233523845672607, 1.032194972038269, 1.0340056419372559, 1.0575438737869263, 1.0666332244873047, 1.0726137161254883, 1.0762180089950562]",0.815
5,10,4,"[0.9977976083755493, 0.9988697171211243, 0.8921575546264648, 0.831244707107544, 0.7515873908996582, 0.7596690654754639, 0.7239049077033997, 0.713117241859436, 0.7135612368583679, 0.7041171789169312]",0.775
5,10,8,"[0.5700919032096863, 0.5816560387611389, 0.5628069639205933, 0.5568698048591614, 0.5556012392044067, 0.4997760057449341, 0.47087252140045166, 0.43421855568885803, 0.5062171816825867, 0.39609119296073914]",0.825
5,10,16,"[0.784001886844635, 0.7108781337738037, 0.7032625079154968, 0.7053530812263489, 0.6947017908096313, 0.6947033405303955, 0.695104718208313, 0.6969702243804932, 0.6950631141662598, 0.6940054297447205]",0.82
5,10,32,"[0.33814799785614014, 0.3400401771068573, 0.6869363188743591, 0.38152655959129333, 0.3278547525405884, 0.3176061511039734, 0.31973084807395935, 0.3147122263908386, 0.3162683844566345, 0.3142780661582947]",0.84
5,20,2,"[0.4789685010910034, 0.4927724301815033, 0.5035214424133301, 0.512697160243988, 0.5244995355606079, 0.5409564971923828, 0.5491564273834229, 0.5698862075805664, 0.5667353272438049, 0.4887259006500244]",0.455
5,20,4,"[0.537260890007019, 0.5339322090148926, 0.5144209265708923, 0.48984014987945557, 0.4776530861854553, 0.4644909203052521, 0.4549863338470459, 0.4476012587547302, 0.44134050607681274, 0.4334859549999237]",0.805
5,20,8,"[0.4433037042617798, 0.4051017761230469, 0.39473092555999756, 0.4077768325805664, 0.6443465948104858, 0.6448917984962463, 0.651346743106842, 0.3922151029109955, 0.662696361541748, 0.38575512170791626]",0.73
5,20,16,"[0.5107218027114868, 0.5876951217651367, 0.6282439231872559, 0.5865539312362671, 0.6611305475234985, 0.406096488237381, 0.37295523285865784, 0.34885120391845703, 0.6795243620872498, 0.3166573941707611]",0.895
5,20,32,"[0.9086320400238037, 0.7855418920516968, 0.9373217821121216, 0.9412440061569214, 0.9401452541351318, 0.703156590461731, 0.7349561452865601, 0.7212122678756714, 0.7807979583740234, 0.7765286564826965]",0.49
5,40,2,"[0.48744189739227295, 0.5146491527557373, 0.5691441893577576, 0.5368037223815918, 0.6075287461280823, 0.6024719476699829, 0.6291824579238892, 0.6331275701522827, 0.6490592956542969, 0.6424416303634644]",0.515
5,40,4,"[0.48756885528564453, 0.5225911140441895, 0.5462347269058228, 0.4467599391937256, 0.4537700414657593, 0.43093037605285645, 0.41843312978744507, 0.41557586193084717, 0.40934041142463684, 0.4210333824157715]",0.65
5,40,8,"[0.4846039116382599, 0.4756140410900116, 0.47886836528778076, 0.5024369955062866, 0.5147418975830078, 0.5621376633644104, 0.5578957796096802, 0.5712778568267822, 0.581884503364563, 0.58540278673172]",0.495
5,40,16,"[0.6264864206314087, 0.6538154482841492, 0.6637080311775208, 0.6688956022262573, 0.6719355583190918, 0.672203540802002, 0.6792889833450317, 0.6833145618438721, 0.6870672106742859, 0.6897392868995667]",0.69
5,40,32,"[0.5054911375045776, 0.5115734338760376, 0.6573551297187805, 0.3960167467594147, 0.3949607312679291, 0.4002201557159424, 0.4295690059661865, 0.3749793767929077, 0.3891228437423706, 0.5857037901878357]",0.53
5,80,2,"[1.1099815368652344, 1.1113698482513428, 1.1017134189605713, 1.089308738708496, 1.1233046054840088, 1.1126770973205566, 1.0919466018676758, 1.0788580179214478, 0.9935464859008789, 1.0855764150619507]",0.755
5,80,4,"[0.5040119886398315, 0.5320976972579956, 0.5281692743301392, 0.5563943982124329, 0.4735422730445862, 0.5514735579490662, 0.5555356740951538, 0.6165144443511963, 0.5828521847724915, 0.5372970104217529]",0.79
5,80,8,"[0.45841842889785767, 0.4798615574836731, 0.5623918771743774, 0.584326982498169, 0.6239796876907349, 0.6360501646995544, 0.6509188413619995, 0.6249985098838806, 0.6290068626403809, 0.6191483736038208]",0.47
5,80,16,"[0.5878787636756897, 0.6201619505882263, 0.6219286322593689, 0.6335061192512512, 0.6269159913063049, 0.6100830435752869, 0.6005133986473083, 0.5921289920806885, 0.6524650454521179, 0.6095991134643555]",0.51
5,80,32,"[0.7946248650550842, 0.7395147085189819, 0.7248809337615967, 0.7184464335441589, 0.716077446937561, 0.7168454527854919, 0.7133828401565552, 0.7134976387023926, 0.7118811011314392, 0.7156137228012085]",0.535
5,160,2,"[0.40873056650161743, 0.41930055618286133, 0.43000489473342896, 0.4406528174877167, 0.451734721660614, 0.4660225510597229, 0.4885552227497101, 0.48679137229919434, 0.47721099853515625, 0.5015982389450073]",0.47
5,160,4,"[0.4000723361968994, 0.36470723152160645, 0.33948877453804016, 0.3267379701137543, 0.32054105401039124, 0.31738904118537903, 0.31606540083885193, 0.31970080733299255, 0.3174719214439392, 0.3151192367076874]",0.96
5,160,8,"[0.4365912079811096, 0.4929654598236084, 0.598363995552063, 0.6136630773544312, 0.628516435623169, 0.5490484833717346, 0.6298689842224121, 0.6473107933998108, 0.6527257561683655, 0.6486494541168213]",0.54
5,160,16,"[0.8960833549499512, 0.8767787218093872, 0.8599531650543213, 0.8464348316192627, 0.8049125075340271, 0.7847366333007812, 0.7700129151344299, 0.7552219033241272, 0.7447028160095215, 0.7433316111564636]",0.5
5,160,32,"[0.9653493165969849, 0.7993471026420593, 0.7281202673912048, 0.7168235182762146, 0.9016841053962708, 0.9117684364318848, 0.8263297080993652, 0.8650628328323364, 0.7710543870925903, 0.749275803565979]",0.505
9,5,2,"[0.43121421337127686, 0.455155611038208, 0.476632684469223, 0.5444740056991577, 0.5964013934135437, 0.6117807030677795, 0.621784508228302, 0.6302298903465271, 0.637383222579956, 0.6425215601921082]",0.49
9,5,4,"[0.8890275955200195, 0.9293097257614136, 1.0152794122695923, 1.0665638446807861, 0.8303442001342773, 0.8854052424430847, 0.7877427935600281, 0.7117817997932434, 0.6983206272125244, 0.8962568044662476]",0.745
9,5,8,"[0.5891258120536804, 0.6531658172607422, 0.668882429599762, 0.6821512579917908, 0.6830164194107056, 0.6870180368423462, 0.6893911361694336, 0.6908743977546692, 0.6908220648765564, 0.6916663646697998]",0.87
9,5,16,"[0.38577717542648315, 0.3331433832645416, 0.32380494475364685, 0.3193628489971161, 0.3513569235801697, 0.31576022505760193, 0.315504252910614, 0.31444409489631653, 0.3143490254878998, 0.3139636516571045]",0.85
9,5,32,"[0.6556045413017273, 0.6823883056640625, 0.6874151825904846, 0.6899197697639465, 0.6826698780059814, 0.6900761723518372, 0.6906116008758545, 0.6922422647476196, 0.6925247311592102, 0.6923933625221252]",0.865
9,10,2,"[0.48864877223968506, 0.5034035444259644, 0.5135223865509033, 0.5244340896606445, 0.529834508895874, 0.5257186889648438, 0.5161111354827881, 0.503290057182312, 0.49042999744415283, 0.4782320261001587]",0.555
9,10,4,"[0.9637977480888367, 0.9305486083030701, 0.8136689066886902, 0.9350605010986328, 0.9779608249664307, 0.9830469489097595, 0.9741456508636475, 0.9698077440261841, 0.9722350835800171, 0.9416574239730835]",0.675
9,10,8,"[0.877781867980957, 0.8269287347793579, 0.7951462268829346, 0.7581000328063965, 0.7578731775283813, 0.7535818815231323, 0.7521946430206299, 0.7551693916320801, 0.7320441007614136, 0.7261778712272644]",0.475
9,10,16,"[0.5844911932945251, 0.44173941016197205, 0.6656432151794434, 0.5643951296806335, 0.6271989345550537, 0.5718588829040527, 0.3989333212375641, 0.6560952067375183, 0.41942235827445984, 0.325967013835907]",0.785
9,10,32,"[0.5098047852516174, 0.45003587007522583, 0.354155033826828, 0.33893027901649475, 0.3224456310272217, 0.3254382610321045, 0.32091110944747925, 0.31661492586135864, 0.4014195501804352, 0.6905501484870911]",0.65
9,20,2,"[0.47221529483795166, 0.5135406255722046, 0.5428897738456726, 0.5639906525611877, 0.5797868967056274, 0.5912167429924011, 0.6005244851112366, 0.6081936359405518, 0.6143359541893005, 0.6195093393325806]",0.545
9,20,4,"[0.9778692722320557, 0.9325499534606934, 1.008514642715454, 1.0568656921386719, 1.0997810363769531, 0.9325553774833679, 0.7877280712127686, 0.9340747594833374, 1.043189525604248, 1.0990402698516846]",0.71
9,20,8,"[0.4474334418773651, 0.44184020161628723, 0.42099833488464355, 0.42133355140686035, 0.4327942430973053, 0.44602423906326294, 0.6715009808540344, 0.456208199262619, 0.45564550161361694, 0.4450364112854004]",0.75
9,20,16,"[0.49084222316741943, 0.483698308467865, 0.47331997752189636, 0.5331420302391052, 0.4828696846961975, 0.5044605731964111, 0.5579366683959961, 0.6158965229988098, 0.5281553268432617, 0.6247815489768982]",0.5
9,20,32,"[0.8701237440109253, 0.8103405833244324, 0.8440532684326172, 0.8736628890037537, 0.7466295957565308, 0.7909405827522278, 0.8288037776947021, 0.7620354890823364, 0.8165385723114014, 0.7996187210083008]",0.505
9,40,2,"[0.8580905795097351, 0.8196128606796265, 0.7946116924285889, 0.7768526077270508, 0.7639525532722473, 0.7545903325080872, 0.7469545006752014, 0.7409390211105347, 0.7359278202056885, 0.7316001057624817]",0.525
9,40,4,"[0.9202139377593994, 0.87455153465271, 0.8097047209739685, 0.7877777814865112, 0.7735369205474854, 0.7614836692810059, 0.7519828081130981, 0.7442376613616943, 0.7382631897926331, 0.7348582148551941]",0.5
9,40,8,"[0.5863578915596008, 0.6156138181686401, 0.6335731148719788, 0.6452069878578186, 0.6492852568626404, 0.6592618227005005, 0.6715030670166016, 0.6750370860099792, 0.6771669983863831, 0.6768196225166321]",0.485
9,40,16,"[0.47795504331588745, 0.5679866671562195, 0.5589348077774048, 0.6003568768501282, 0.6033709049224854, 0.6033456921577454, 0.6268388032913208, 0.6201351284980774, 0.6697669625282288, 0.6275541186332703]",0.495
9,40,32,"[0.5883597135543823, 0.5750569105148315, 0.5647326111793518, 0.6608009934425354, 0.6780561804771423, 0.6814444065093994, 0.6788368225097656, 0.6808297634124756, 0.6880432367324829, 0.6878095269203186]",0.455
9,80,2,"[0.5136805772781372, 0.5162650942802429, 0.5217577219009399, 0.5283541679382324, 0.5341384410858154, 0.5408147573471069, 0.5467771887779236, 0.5533050298690796, 0.5581722259521484, 0.5592032670974731]",0.475
9,80,4,"[0.9433407187461853, 0.8476181030273438, 0.8760069012641907, 0.8503252267837524, 0.8265544772148132, 0.8076630234718323, 0.7892253398895264, 0.7925242185592651, 0.7770146727561951, 0.7635856866836548]",0.475
9,80,8,"[0.5900749564170837, 0.5333985090255737, 0.6419230699539185, 0.5600253939628601, 0.6524097323417664, 0.567290186882019, 0.6115634441375732, 0.6328136324882507, 0.6133976578712463, 0.666111946105957]",0.44
9,80,16,"[0.4943315386772156, 0.6038225293159485, 0.6021571159362793, 0.6492286920547485, 0.6555166244506836, 0.5978344678878784, 0.6545404195785522, 0.6621730327606201, 0.6748512983322144, 0.666033923625946]",0.5
9,80,32,"[0.765583336353302, 0.7166499495506287, 0.7186692953109741, 0.7072160243988037, 0.7186862826347351, 0.7137438654899597, 0.7038847208023071, 0.7095299363136292, 0.7373085618019104, 0.7066842317581177]",0.57
9,160,2,"[0.4925065040588379, 0.49784499406814575, 0.5120656490325928, 0.5252590179443359, 0.5387422442436218, 0.5543045997619629, 0.6347126364707947, 0.6420943140983582, 0.6478378176689148, 0.653007447719574]",0.435
9,160,4,"[0.8228277564048767, 0.7823507189750671, 0.7599892616271973, 0.7444732189178467, 0.7388110160827637, 0.7376563549041748, 0.7649587392807007, 0.7420787215232849, 0.7399348020553589, 0.7692538499832153]",0.58
9,160,8,"[0.4668734669685364, 0.4878093898296356, 0.5147048234939575, 0.5638545751571655, 0.5514193773269653, 0.5664571523666382, 0.5576338768005371, 0.4855732321739197, 0.587047278881073, 0.5983262062072754]",0.47
9,160,16,"[0.41303351521492004, 0.5520932674407959, 0.4547772705554962, 0.4549095034599304, 0.5108648538589478, 0.5784984230995178, 0.583548903465271, 0.6280369758605957, 0.6023219227790833, 0.6103449463844299]",0.495
9,160,32,"[0.43769577145576477, 0.5206719040870667, 0.5085820555686951, 0.6081084609031677, 0.5054088830947876, 0.5307588577270508, 0.5338901281356812, 0.5907524824142456, 0.5944769978523254, 0.5803058743476868]",0.49
10,5,2,"[0.8453067541122437, 0.8359132409095764, 0.7890796065330505, 0.7644989490509033, 0.7470042705535889, 0.7341017127037048, 0.7261515259742737, 0.7201114892959595, 0.7155123353004456, 0.7122011780738831]",0.685
10,5,4,"[0.40141603350639343, 0.3919501006603241, 0.38142839074134827, 0.3705913722515106, 0.35918739438056946, 0.3499694764614105, 0.3424481749534607, 0.3372425138950348, 0.33281201124191284, 0.32927414774894714]",0.68
10,5,8,"[0.4498221278190613, 0.39667487144470215, 0.5025322437286377, 0.3345298767089844, 0.32898885011672974, 0.32395049929618835, 0.32347607612609863, 0.3209315240383148, 0.3169848620891571, 0.31595578789711]",0.85
10,5,16,"[0.39957481622695923, 0.36861032247543335, 0.34259045124053955, 0.6590122580528259, 0.38403016328811646, 0.32611292600631714, 0.31746888160705566, 0.32015347480773926, 0.3577534258365631, 0.33994922041893005]",0.815
10,5,32,"[0.5931661128997803, 0.5797902345657349, 0.6679225564002991, 0.6687750220298767, 0.6892982721328735, 0.6651436686515808, 0.6817405223846436, 0.6921209692955017, 0.6914510726928711, 0.6921648979187012]",0.84
10,10,2,"[0.914665937423706, 0.8443489074707031, 0.8088868260383606, 0.7852733135223389, 0.7687646746635437, 0.7563374638557434, 0.7472252249717712, 0.740132749080658, 0.7343630790710449, 0.7296731472015381]",0.48
10,10,4,"[0.7815475463867188, 0.9073833227157593, 0.7449340224266052, 0.8414018154144287, 0.8162078857421875, 0.8023359775543213, 0.7203285098075867, 0.9756381511688232, 0.7903327941894531, 1.0281546115875244]",0.62
10,10,8,"[0.4897194504737854, 0.5596138834953308, 0.5717544555664062, 0.5807663202285767, 0.6207365393638611, 0.6179693937301636, 0.5807257890701294, 0.6071929931640625, 0.5664570331573486, 0.5517289638519287]",0.47
10,10,16,"[0.5252200365066528, 0.5651600360870361, 0.539492130279541, 0.6180853843688965, 0.5033590793609619, 0.5111702084541321, 0.5308703780174255, 0.36024343967437744, 0.36618572473526, 0.5346117615699768]",0.775
10,10,32,"[0.983077883720398, 0.8165456056594849, 0.7519989609718323, 0.751701831817627, 0.7214758396148682, 0.710857629776001, 0.7049469947814941, 0.6957440972328186, 0.7000014185905457, 0.6960396766662598]",0.77
10,20,2,"[0.8523248434066772, 0.8201387524604797, 0.7972521185874939, 0.78107088804245, 0.7688170671463013, 0.7593806385993958, 0.7517715096473694, 0.7457708716392517, 0.7408391833305359, 0.7365758419036865]",0.505
10,20,4,"[0.8218691349029541, 0.8083404302597046, 0.8015305399894714, 0.772603452205658, 0.759585976600647, 0.7527602314949036, 0.7422874569892883, 0.7405085563659668, 0.7367722988128662, 0.7355613708496094]",0.53
10,20,8,"[0.9234927892684937, 0.9164456725120544, 0.8724856376647949, 0.7930130958557129, 0.951423704624176, 0.8199503421783447, 0.7886485457420349, 0.7513121366500854, 0.7498654723167419, 0.742838442325592]",0.48
10,20,16,"[0.8253282904624939, 0.8118577599525452, 0.7587810754776001, 0.7680583000183105, 0.7490301132202148, 0.8294699192047119, 0.7493407130241394, 0.7999692559242249, 0.7297649383544922, 0.7174307107925415]",0.44
10,20,32,"[0.8718887567520142, 0.9292017221450806, 0.8498731851577759, 0.8852916955947876, 1.0191329717636108, 0.7498603463172913, 0.7872202396392822, 0.8409003019332886, 0.7237485647201538, 0.8616853356361389]",0.415
10,40,2,"[0.5021392107009888, 0.5351942181587219, 0.5601164102554321, 0.5794251561164856, 0.593832790851593, 0.6048345565795898, 0.6130243539810181, 0.61977219581604, 0.6251299977302551, 0.6292356848716736]",0.625
10,40,4,"[0.881511926651001, 0.8282725811004639, 0.7973175644874573, 0.7781773209571838, 0.7647504806518555, 0.7548183798789978, 0.747556209564209, 0.742109477519989, 0.7369858026504517, 0.7328618764877319]",0.58
10,40,8,"[0.5155735611915588, 0.5468746423721313, 0.6197279095649719, 0.633449375629425, 0.6488922238349915, 0.6173434853553772, 0.6630629897117615, 0.6670519113540649, 0.6689738631248474, 0.6705289483070374]",0.53
10,40,16,"[0.4410732686519623, 0.612822949886322, 0.6372747421264648, 0.6465089917182922, 0.37013617157936096, 0.6638165712356567, 0.6712503433227539, 0.6790732741355896, 0.6687291264533997, 0.6805734038352966]",0.485
10,40,32,"[0.6322833895683289, 0.6269897818565369, 0.6555169224739075, 0.6697195172309875, 0.663854718208313, 0.5883917808532715, 0.6245289444923401, 0.5612303018569946, 0.5377861261367798, 0.6043320894241333]",0.51
10,80,2,"[0.5385159254074097, 0.5768991708755493, 0.6028172373771667, 0.6206300258636475, 0.6337400674819946, 0.643971860408783, 0.6518576145172119, 0.6582666635513306, 0.6632815003395081, 0.6674833297729492]",0.445
10,80,4,"[0.6370044946670532, 0.6508257985115051, 0.6579415798187256, 0.6630976796150208, 0.6677311062812805, 0.6719861030578613, 0.6730474829673767, 0.6765739321708679, 0.3354845941066742, 0.39206159114837646]",0.805
10,80,8,"[0.9867057800292969, 0.9267094135284424, 0.8569736480712891, 0.7984302639961243, 0.7771943807601929, 0.7673788666725159, 0.7520627379417419, 0.7290328145027161, 0.7268828749656677, 0.749221920967102]",0.505
10,80,16,"[0.4780869483947754, 0.4889546036720276, 0.4945273697376251, 0.5547463297843933, 0.5380954742431641, 0.5607103109359741, 0.5142748355865479, 0.5383133888244629, 0.5674376487731934, 0.5565183162689209]",0.475
10,80,32,"[0.521578311920166, 0.5895224213600159, 0.5971878170967102, 0.657796323299408, 0.6242622137069702, 0.6598308086395264, 0.6447864770889282, 0.6301265358924866, 0.6422995328903198, 0.6650611162185669]",0.525
10,160,2,"[0.537153959274292, 0.5393801927566528, 0.5557401180267334, 0.57515949010849, 0.5886030197143555, 0.5997384786605835, 0.6093419194221497, 0.6167521476745605, 0.6243042945861816, 0.6297949552536011]",0.75
10,160,4,"[0.7763720154762268, 0.7529674768447876, 0.874610185623169, 0.7270129919052124, 1.251304030418396, 0.7154248356819153, 0.7126947045326233, 0.7106705904006958, 0.7098954916000366, 0.7085959911346436]",0.595
10,160,8,"[0.48311343789100647, 0.5869770050048828, 0.5713416934013367, 0.6136885285377502, 0.6104785203933716, 0.6164169907569885, 0.6171960830688477, 0.6343235969543457, 0.6514049768447876, 0.6328492164611816]",0.505
10,160,16,"[0.9119959473609924, 0.8922668695449829, 0.8266659379005432, 0.8945263624191284, 0.8169368505477905, 0.8929194211959839, 0.7709116339683533, 0.8176414966583252, 0.8064689040184021, 0.7824727296829224]",0.52
10,160,32,"[0.8964163661003113, 0.8736037015914917, 0.9408721327781677, 1.061057448387146, 0.7422336935997009, 0.798869788646698, 0.9806554317474365, 0.7403215169906616, 0.7908177375793457, 0.7542166709899902]",0.505
30,5,2,"[0.8230473399162292, 0.8066768050193787, 0.7913753986358643, 0.7787101864814758, 0.76789391040802, 0.7594625949859619, 0.7524322867393494, 0.7470347881317139, 0.7421677112579346, 0.7378814220428467]",0.475
30,5,4,"[0.9138052463531494, 0.7858438491821289, 0.7782649397850037, 0.7749769687652588, 0.7210468053817749, 0.7129040956497192, 0.7089114189147949, 0.7051512002944946, 0.7026833295822144, 0.7009481191635132]",0.68
30,5,8,"[0.9195355176925659, 0.9068610668182373, 0.8426287174224854, 0.9104975461959839, 0.7185831069946289, 0.7613000273704529, 0.8140000104904175, 0.6967834830284119, 0.7072828412055969, 0.7613670229911804]",0.73
30,5,16,"[0.9105082750320435, 0.8734334707260132, 0.8352546691894531, 0.8157573938369751, 0.7294036149978638, 0.7078441977500916, 0.7074096202850342, 0.7110905647277832, 0.8419622182846069, 0.7094263434410095]",0.79
30,5,32,"[0.34080517292022705, 0.41466620564460754, 0.3208935558795929, 0.319719135761261, 0.31550583243370056, 0.3201911151409149, 0.3166844844818115, 0.3149620592594147, 0.31558868288993835, 0.31563782691955566]",0.83
30,10,2,"[1.0718066692352295, 1.0491358041763306, 1.0236327648162842, 0.9964871406555176, 0.8680319786071777, 0.841636061668396, 0.8209595680236816, 0.8997595906257629, 0.8274718523025513, 0.8087635040283203]",0.535
30,10,4,"[0.8159788846969604, 0.7693571448326111, 0.7500244379043579, 0.7344141006469727, 0.7245790958404541, 0.7179610133171082, 0.7133884429931641, 0.7102456092834473, 0.7079159021377563, 0.7061811685562134]",0.675
30,10,8,"[0.48936891555786133, 0.5478420257568359, 0.5446736812591553, 0.5921817421913147, 0.6493387818336487, 0.622962236404419, 0.6668097972869873, 0.6721978187561035, 0.6727577447891235, 0.6731880903244019]",0.465
30,10,16,"[0.8018128871917725, 0.8815451264381409, 0.8220031261444092, 0.7408952713012695, 0.8697750568389893, 1.172127604484558, 0.8810005784034729, 0.7334089279174805, 1.025149941444397, 0.9551644325256348]",0.555
30,10,32,"[0.7406683564186096, 0.7353639602661133, 0.8032655119895935, 0.8184181451797485, 0.7414342761039734, 0.7984219193458557, 0.7693080902099609, 0.7333863377571106, 0.7498998045921326, 0.7541446685791016]",0.53
30,20,2,"[0.39514872431755066, 0.39720669388771057, 0.39995041489601135, 0.4031054675579071, 0.40721261501312256, 0.4111710786819458, 0.4146829843521118, 0.4194478988647461, 0.4238376021385193, 0.42949041724205017]",0.51
30,20,4,"[0.4083584249019623, 0.39836183190345764, 0.39296507835388184, 0.39241963624954224, 0.3958434462547302, 0.4007246196269989, 0.4123559296131134, 0.42153221368789673, 0.4283845126628876, 0.43200019001960754]",0.64
30,20,8,"[0.5003893375396729, 0.5641835331916809, 0.5827603340148926, 0.4052025079727173, 0.6568834781646729, 0.530623733997345, 0.5302262306213379, 0.5270586609840393, 0.5094013810157776, 0.6361042857170105]",0.62
30,20,16,"[0.5610779523849487, 0.5443169474601746, 0.6219298839569092, 0.5615665912628174, 0.6212229132652283, 0.5563062429428101, 0.4885689616203308, 0.4659162759780884, 0.5592465400695801, 0.6345025300979614]",0.555
30,20,32,"[0.8370487689971924, 0.7865475416183472, 0.887673020362854, 0.9384199380874634, 0.7990701198577881, 0.8143636584281921, 0.7337017059326172, 0.8121154308319092, 0.8609229326248169, 0.7525018453598022]",0.455
30,40,2,"[0.8750466108322144, 0.8432800769805908, 0.8960344791412354, 0.9084348082542419, 0.9257529377937317, 0.9441274404525757, 0.7366312146186829, 0.7306262850761414, 0.7259516716003418, 0.7221900820732117]",0.72
30,40,4,"[0.881708025932312, 0.8204761743545532, 0.7875301837921143, 0.7675846815109253, 0.7544222474098206, 0.7445881366729736, 0.7370447516441345, 0.7310477495193481, 0.7266149520874023, 0.7225622534751892]",0.505
30,40,8,"[0.4573069214820862, 0.5262221693992615, 0.5700995922088623, 0.6257111430168152, 0.5387342572212219, 0.5481764078140259, 0.6161177158355713, 0.5573163032531738, 0.511030912399292, 0.4990338087081909]",0.45
30,40,16,"[0.8547655344009399, 0.7844628095626831, 0.7327497005462646, 0.7580763101577759, 1.0602842569351196, 0.7286317348480225, 1.0469074249267578, 1.0344643592834473, 0.8836022019386292, 0.7716109752655029]",0.475
30,40,32,"[0.9863160252571106, 0.8401061296463013, 0.9019394516944885, 0.7389126420021057, 0.7605313658714294, 0.8188351392745972, 0.8704911470413208, 0.7148780226707458, 0.7147350311279297, 0.7899975776672363]",0.46
30,80,2,"[0.6086763739585876, 0.6215227246284485, 0.6316145658493042, 0.6397238373756409, 0.6457037925720215, 0.6506714224815369, 0.6549336314201355, 0.6588277220726013, 0.66182541847229, 0.6646390557289124]",0.5
30,80,4,"[0.9144752025604248, 0.9032517671585083, 0.8981499075889587, 0.96128249168396, 0.9494820833206177, 0.9427462816238403, 0.9336951971054077, 0.9187357425689697, 0.9063482284545898, 0.8967561721801758]",0.525
30,80,8,"[0.46558892726898193, 0.5365936160087585, 0.47688931226730347, 0.4887250065803528, 0.5109748840332031, 0.5411203503608704, 0.5813445448875427, 0.5930612087249756, 0.6018645763397217, 0.607925295829773]",0.52
30,80,16,"[0.8465259075164795, 0.9448014497756958, 0.9512513875961304, 0.829340934753418, 0.7486417293548584, 0.8487914800643921, 0.7969672679901123, 0.8593310117721558, 0.8344412446022034, 0.7566706538200378]",0.475
30,80,32,"[0.8820647597312927, 0.8581663370132446, 0.7856180667877197, 0.7923418283462524, 0.8637813329696655, 0.8036977648735046, 0.7489368915557861, 0.744869589805603, 0.7077134847640991, 0.760551929473877]",0.53
30,160,2,"[0.5661278963088989, 0.5892181992530823, 0.6083278656005859, 0.6211930513381958, 0.6315094232559204, 0.6391136646270752, 0.6455391049385071, 0.6517318487167358, 0.6552259922027588, 0.6606442332267761]",0.57
30,160,4,"[0.9924456477165222, 0.9085373282432556, 0.887598991394043, 0.9575330018997192, 0.9700120687484741, 0.9724894762039185, 0.9723765254020691, 0.9020122289657593, 0.8004017472267151, 0.7936127781867981]",0.495
30,160,8,"[0.5950016975402832, 0.5864852070808411, 0.5826643705368042, 0.6198561787605286, 0.6255796551704407, 0.5705117583274841, 0.5657479763031006, 0.5660176873207092, 0.5635981559753418, 0.5672252178192139]",0.615
30,160,16,"[0.5596186518669128, 0.44002845883369446, 0.5436394810676575, 0.5883532762527466, 0.5810320377349854, 0.5377121567726135, 0.6198744773864746, 0.6239681839942932, 0.5955461263656616, 0.5839751362800598]",0.43
30,160,32,"[nan, nan, nan, nan, nan, nan, nan, nan, nan, nan]",0.0
50,5,2,"[0.5258828997612, 0.5436524748802185, 0.5608420968055725, 0.5758761763572693, 0.5933141112327576, 0.5997670292854309, 0.6069480776786804, 0.6170538067817688, 0.6226072311401367, 0.6297650933265686]",0.475
50,5,4,"[0.4503055214881897, 0.5141035318374634, 0.5711572170257568, 0.5836228728294373, 0.6177690029144287, 0.6207253932952881, 0.5694493055343628, 0.556572675704956, 0.6738386750221252, 0.6705295443534851]",0.675
50,5,8,"[0.5613918304443359, 0.5775203108787537, 0.48692455887794495, 0.4653245508670807, 0.6215267181396484, 0.5342928171157837, 0.6200153827667236, 0.5482044219970703, 0.4870559573173523, 0.46050357818603516]",0.625
50,5,16,"[0.48661714792251587, 0.516542375087738, 0.44536685943603516, 0.5457833409309387, 0.45626047253608704, 0.5491183996200562, 0.5413933992385864, 0.5526756644248962, 0.6419858336448669, 0.40296390652656555]",0.685
50,5,32,"[0.3877228796482086, 0.6273964643478394, 0.42988407611846924, 0.360808789730072, 0.3250521421432495, 0.3285607695579529, 0.3346322476863861, 0.35403355956077576, 0.31617844104766846, 0.5957942008972168]",0.75
50,10,2,"[0.525002658367157, 0.5531289577484131, 0.5739825367927551, 0.5880154967308044, 0.6006061434745789, 0.6105698347091675, 0.6184815168380737, 0.6264734268188477, 0.6344977021217346, 0.6412525773048401]",0.595
50,10,4,"[0.9463273286819458, 0.9006270170211792, 0.8664411306381226, 0.8919187784194946, 0.7883851528167725, 0.8834882378578186, 0.8754408359527588, 0.7725103497505188, 0.7658226490020752, 0.761274516582489]",0.725
50,10,8,"[0.9259980916976929, 0.8480859994888306, 0.7891404032707214, 0.7432783842086792, 0.7214257121086121, 1.148152232170105, 1.1619681119918823, 0.8970131278038025, 0.7141901850700378, 0.7033558487892151]",0.535
50,10,16,"[0.4800930321216583, 0.39560607075691223, 0.5128036737442017, 0.3456282913684845, 0.4369699954986572, 0.6795030236244202, 0.36008527874946594, 0.32969266176223755, 0.39468520879745483, 0.3344249129295349]",0.675
50,10,32,"[0.5787659287452698, 0.6616645455360413, 0.49222037196159363, 0.47240179777145386, 0.6323678493499756, 0.6667166352272034, 0.6398726105690002, 0.3861791789531708, 0.5447909832000732, 0.5929187536239624]",0.54
50,20,2,"[0.6016450524330139, 0.6126506328582764, 0.6211581230163574, 0.6279547810554504, 0.6330680251121521, 0.6382728815078735, 0.6418057680130005, 0.6454820036888123, 0.6489970684051514, 0.6516972184181213]",0.54
50,20,4,"[0.5194317102432251, 0.44798779487609863, 0.4530746340751648, 0.46131566166877747, 0.4764505922794342, 0.48806655406951904, 0.5027961134910583, 0.5826992392539978, 0.6137669086456299, 0.5992754697799683]",0.465
50,20,8,"[0.8710740208625793, 0.9244929552078247, 0.8317360877990723, 0.852995753288269, 0.8021916747093201, 0.8394103050231934, 0.7351492047309875, 0.8176025748252869, 0.8148001432418823, 0.7245059609413147]",0.505
50,20,16,"[0.5171504020690918, 0.5122727155685425, 0.6370618343353271, 0.6157093048095703, 0.6347789168357849, 0.6436071991920471, 0.6570180058479309, 0.6477866768836975, 0.6232739686965942, 0.6530181169509888]",0.485
50,20,32,"[1.0049102306365967, 0.7729561924934387, 0.7782204151153564, 0.7464116811752319, 0.739588737487793, 0.7054364085197449, 0.7144701480865479, 0.7185643911361694, 0.7175827026367188, 0.7920117378234863]",0.44
50,40,2,"[0.5354055762290955, 0.5754209756851196, 0.5553825497627258, 0.5957713723182678, 0.5269614458084106, 0.6111157536506653, 0.6205498576164246, 0.5719280242919922, 0.5544077754020691, 0.5216050744056702]",0.48
50,40,4,"[0.4612027704715729, 0.5115081071853638, 0.5065869688987732, 0.546951413154602, 0.5303724408149719, 0.5279465913772583, 0.5437366962432861, 0.5405183434486389, 0.612989068031311, 0.6259779334068298]",0.505
50,40,8,"[0.8439897298812866, 0.9665650725364685, 0.7594485878944397, 0.8658233880996704, 0.9446649551391602, 0.7630146145820618, 0.917099118232727, 0.7540571093559265, 0.9746155738830566, 1.090457558631897]",0.53
50,40,16,"[0.5788554549217224, 0.5763130784034729, 0.38405516743659973, 0.5041942000389099, 0.5256224274635315, 0.3741779923439026, 0.4093848764896393, 0.43490636348724365, 0.4708248972892761, 0.41017287969589233]",0.615
50,40,32,"[0.44812530279159546, 0.6124268770217896, 0.5819728970527649, 0.5916815400123596, 0.6662233471870422, 0.5405584573745728, 0.6755119562149048, 0.6466997861862183, 0.63823002576828, 0.5824156403541565]",0.52
50,80,2,"[0.8017666935920715, 0.8633804321289062, 0.7859044075012207, 0.8527311086654663, 0.87917160987854, 0.8160689473152161, 0.8918421268463135, 0.7529221177101135, 0.7806851863861084, 0.9328287243843079]",0.475
50,80,4,"[0.4620824158191681, 0.4129476249217987, 0.4600888192653656, 0.5394890904426575, 0.5826897025108337, 0.4441797733306885, 0.5571746826171875, 0.47015511989593506, 0.5761544704437256, 0.38373318314552307]",0.73
50,80,8,"[0.8297230005264282, 0.7604384422302246, 1.0486050844192505, 0.9361181259155273, 0.9072878956794739, 0.7470261454582214, 0.7636202573776245, 0.8529115915298462, 0.8001352548599243, 1.091856837272644]",0.515
50,80,16,"[0.8570058345794678, 0.8982011675834656, 0.8314333558082581, 0.8622190952301025, 0.7502736449241638, 0.8900842070579529, 0.7481889128684998, 0.834896445274353, 0.7733444571495056, 0.9148986339569092]",0.51
50,80,32,"[0.6457937359809875, 0.4303654134273529, 0.6599134802818298, 0.6844556331634521, 0.4853682816028595, 0.6849144697189331, 0.6332076191902161, 0.4067695140838623, 0.6449536085128784, 0.6379078030586243]",0.465
50,160,2,"[0.8700825572013855, 0.8589849472045898, 0.8508121967315674, 0.846049427986145, 0.8423833250999451, 0.839643657207489, 0.8377844095230103, 0.8367133140563965, 0.8369228839874268, 0.8371432423591614]",0.51
50,160,4,"[0.9017802476882935, 0.8826792240142822, 0.8741710186004639, 0.8653305768966675, 0.8475476503372192, 0.8328729867935181, 0.8294774293899536, 0.8276965618133545, 0.8226496577262878, 0.8227174878120422]",0.48
50,160,8,"[0.4115158021450043, 0.4444141685962677, 0.5083193778991699, 0.4873287081718445, 0.5836055874824524, 0.464748740196228, 0.5197651982307434, 0.5468999147415161, 0.5617818832397461, 0.5706831812858582]",0.525
50,160,16,"[0.519827127456665, 0.5011224746704102, 0.44016173481941223, 0.4988337457180023, 0.41166776418685913, 0.634545624256134, 0.6657309532165527, 0.5849890112876892, 0.5604537129402161, 0.5181593894958496]",0.53
50,160,32,"[0.5117079615592957, 0.4215134382247925, 0.6025229096412659, 0.4795806407928467, 0.5928422212600708, 0.5452035069465637, 0.602753758430481, 0.457345575094223, 0.5374230742454529, 0.6032894253730774]",0.505
90,5,2,"[0.537245512008667, 0.5625835657119751, 0.5785824060440063, 0.5931887030601501, 0.6052721738815308, 0.6149230599403381, 0.6235635280609131, 0.6300269961357117, 0.6354231238365173, 0.640060305595398]",0.5
90,5,4,"[0.5796031951904297, 0.603963315486908, 0.6171212792396545, 0.626997172832489, 0.6347159743309021, 0.6408393979072571, 0.6471409201622009, 0.6515597105026245, 0.6548783183097839, 0.6583721041679382]",0.505
90,5,8,"[0.46569979190826416, 0.4497106671333313, 0.6160879731178284, 0.5090323686599731, 0.4949690103530884, 0.4844825863838196, 0.46945640444755554, 0.6192772388458252, 0.47501808404922485, 0.46655285358428955]",0.775
90,5,16,"[0.9040926694869995, 0.7669239640235901, 0.740634024143219, 0.7242554426193237, 0.7148774862289429, 0.7010011672973633, 0.7001285552978516, 0.6984153985977173, 0.6965559124946594, 0.7014700174331665]",0.765
90,5,32,"[0.5248209834098816, 0.5747013688087463, 0.35355353355407715, 0.45431095361709595, 0.3239098787307739, 0.44107764959335327, 0.5920649170875549, 0.6539952754974365, 0.6720402836799622, 0.6840939521789551]",0.55
90,10,2,"[0.5612804889678955, 0.6001114845275879, 0.6270616054534912, 0.6445398330688477, 0.6505077481269836, 0.6549178957939148, 0.6590667366981506, 0.6617853045463562, 0.6645680069923401, 0.6668891906738281]",0.525
90,10,4,"[0.9087151288986206, 0.8283557891845703, 0.7860637903213501, 0.7633222341537476, 0.7497627139091492, 0.741725742816925, 0.7349161505699158, 0.7297438383102417, 0.7205967307090759, 0.9001379013061523]",0.515
90,10,8,"[1.0002695322036743, 0.8921993374824524, 0.8400934934616089, 0.8104648590087891, 0.9976739883422852, 0.835536003112793, 0.8202335834503174, 0.8745109438896179, 1.0894274711608887, 0.9876590967178345]",0.505
90,10,16,"[0.44892627000808716, 0.5522060990333557, 0.5128874778747559, 0.6168109774589539, 0.6268949508666992, 0.5699548721313477, 0.5801286101341248, 0.5601239800453186, 0.6356322169303894, 0.6345570087432861]",0.585
90,10,32,"[0.4347507953643799, 0.6014083623886108, 0.5027672648429871, 0.5573316812515259, 0.5006187558174133, 0.6165674924850464, 0.5922650694847107, 0.6258896589279175, 0.47878873348236084, 0.6209123134613037]",0.515
90,20,2,"[1.1191991567611694, 1.1257952451705933, 1.1280826330184937, 1.1264779567718506, 1.1258063316345215, 1.1229859590530396, 1.1327297687530518, 1.1392298936843872, 1.143091082572937, 1.1464970111846924]",0.66
90,20,4,"[0.9210955500602722, 0.9082571268081665, 0.8984915018081665, 0.8819929361343384, 0.8694136142730713, 0.8622790575027466, 0.8350285887718201, 0.8292042016983032, 0.823589563369751, 0.8155645728111267]",0.485
90,20,8,"[0.8954577445983887, 0.8285727500915527, 1.1166654825210571, 1.1170610189437866, 1.1112494468688965, 1.114963412284851, 0.8501112461090088, 1.1039695739746094, 1.092163324356079, 1.090071678161621]",0.56
90,20,16,"[0.5088100433349609, 0.5467203259468079, 0.564399003982544, 0.4398496448993683, 0.6444209218025208, 0.5615342259407043, 0.657139003276825, 0.5981172919273376, 0.6114197373390198, 0.6048977375030518]",0.515
90,20,32,"[0.5514264702796936, 0.49301570653915405, 0.600264310836792, 0.5165239572525024, 0.5214071869850159, 0.6340684294700623, 0.6470087766647339, 0.5868456363677979, 0.6259046792984009, 0.5892080664634705]",0.43
90,40,2,"[0.49388477206230164, 0.5293159484863281, 0.5553290247917175, 0.5745105743408203, 0.5888788104057312, 0.5994680523872375, 0.6082546710968018, 0.6146976947784424, 0.6200987100601196, 0.625067949295044]",0.58
90,40,4,"[0.9941892027854919, 0.9289534091949463, 0.8877235651016235, 0.8643919825553894, 0.8489649295806885, 0.8387055397033691, 0.8330960273742676, 0.8288915753364563, 0.8294756412506104, 0.831426739692688]",0.49
90,40,8,"[0.551695704460144, 0.515184760093689, 0.535392165184021, 0.5031107068061829, 0.492040753364563, 0.481830894947052, 0.48709535598754883, 0.5642586946487427, 0.5460684895515442, 0.5239466428756714]",0.435
90,40,16,"[0.5695316791534424, 0.6019453406333923, 0.46611809730529785, 0.4655003547668457, 0.5244355797767639, 0.5584635138511658, 0.4766908586025238, 0.37156516313552856, 0.3568202257156372, 0.3486345410346985]",0.655
90,40,32,"[0.5126099586486816, 0.562079668045044, 0.6125391721725464, 0.6477702260017395, 0.6367056965827942, 0.6367539763450623, 0.6724253296852112, 0.6049973368644714, 0.5846272706985474, 0.6763195991516113]",0.5
90,80,2,"[0.5316030979156494, 0.5485042333602905, 0.5608575344085693, 0.5698672533035278, 0.5771702527999878, 0.5836416482925415, 0.5901670455932617, 0.5960032939910889, 0.6015110611915588, 0.6070085167884827]",0.47
90,80,4,"[0.7882325649261475, 0.7719359993934631, 0.7572634816169739, 1.0700538158416748, 0.7420634627342224, 0.734926164150238, 0.7298918962478638, 0.7265821099281311, 0.7235295176506042, 0.7220391631126404]",0.545
90,80,8,"[0.5655237436294556, 0.5596932172775269, 0.48769181966781616, 0.5605309009552002, 0.5781181454658508, 0.5707513093948364, 0.6387592554092407, 0.6121122241020203, 0.6089491248130798, 0.5918172001838684]",0.425
90,80,16,"[0.8018518090248108, 1.0174049139022827, 0.9167600870132446, 0.7871276140213013, 0.9769090414047241, 0.7538855075836182, 0.810509204864502, 0.7819422483444214, 0.7229892611503601, 0.8124090433120728]",0.49
90,80,32,"[0.5976724028587341, 0.3895092308521271, 0.5070656538009644, 0.42424386739730835, 0.6331490278244019, 0.5653442144393921, 0.5061301589012146, 0.6049948930740356, 0.5743337273597717, 0.5777598023414612]",0.515
90,160,2,"[0.9764750003814697, 0.9294171333312988, 0.8942583799362183, 0.866585373878479, 0.8454979658126831, 0.8275643587112427, 0.8138746023178101, 0.8021127581596375, 0.793176531791687, 0.7846038341522217]",0.49
90,160,4,"[0.5333071947097778, 0.5620043277740479, 0.5785900950431824, 0.5872824192047119, 0.5932510495185852, 0.5952370762825012, 0.5960223078727722, 0.595387876033783, 0.5925279855728149, 0.5904865264892578]",0.48
90,160,8,"[0.5230799317359924, 0.5403963327407837, 0.5155816078186035, 0.6486793756484985, 0.6304448843002319, 0.6360812783241272, 0.6272621750831604, 0.6294503211975098, 0.6640632748603821, 0.6609060764312744]",0.5
90,160,16,"[0.41678309440612793, 0.5423679351806641, 0.5234183669090271, 0.5704146027565002, 0.5505980253219604, 0.5573375821113586, 0.5031592845916748, 0.5821176767349243, 0.6378035545349121, 0.6471078991889954]",0.535
90,160,32,"[0.8619402647018433, 0.8817861080169678, 0.8301356434822083, 0.9398266673088074, 0.7370584607124329, 1.0508143901824951, 0.7605099678039551, 0.728882908821106, 0.9039440155029297, 0.7863000631332397]",0.5
100,5,2,"[0.40240830183029175, 0.41946935653686523, 0.43836402893066406, 0.4591193199157715, 0.4770157039165497, 0.46922677755355835, 0.4589410722255707, 0.44735968112945557, 0.44035494327545166, 0.43393343687057495]",0.62
100,5,4,"[0.4445786476135254, 0.43457379937171936, 0.45090121030807495, 0.46096837520599365, 0.4511060118675232, 0.451659619808197, 0.47601449489593506, 0.48168936371803284, 0.4619714021682739, 0.45337170362472534]",0.595
100,5,8,"[0.8801224231719971, 0.8266546726226807, 0.8404948711395264, 0.7874106168746948, 0.7749283909797668, 0.7664363384246826, 0.8356937170028687, 0.716538667678833, 0.7681466937065125, 0.7034618854522705]",0.635
100,5,16,"[0.5060861110687256, 0.4569220542907715, 0.44842028617858887, 0.3876016139984131, 0.40846261382102966, 0.6383594274520874, 0.5337072610855103, 0.3706343173980713, 0.34633365273475647, 0.3965468406677246]",0.64
100,5,32,"[0.8314763307571411, 0.747017502784729, 0.7266771793365479, 0.7366030216217041, 0.7160407900810242, 0.71360182762146, 0.7001314759254456, 0.7089914679527283, 0.6991594433784485, 0.705390214920044]",0.73
100,10,2,"[1.0754354000091553, 1.1058965921401978, 1.124535322189331, 1.1362557411193848, 1.1460157632827759, 1.1562778949737549, 1.1593685150146484, 1.162057638168335, 1.1649107933044434, 1.1675522327423096]",0.725
100,10,4,"[0.5599711537361145, 0.5826672911643982, 0.6008152365684509, 0.6155672669410706, 0.6261465549468994, 0.6354836225509644, 0.644193708896637, 0.6503769755363464, 0.6555344462394714, 0.6594950556755066]",0.63
100,10,8,"[0.7713556289672852, 0.7962276339530945, 0.765461266040802, 0.7362824082374573, 0.7307612895965576, 0.7237009406089783, 0.719825029373169, 0.7163569927215576, 0.713327169418335, 0.7111843228340149]",0.485
100,10,16,"[0.5309900045394897, 0.47747135162353516, 0.4403897821903229, 0.4140786826610565, 0.4729681611061096, 0.6600193381309509, 0.6317761540412903, 0.6359269022941589, 0.6629931926727295, 0.6616221070289612]",0.55
100,10,32,"[1.1850924491882324, 0.9133510589599609, 0.9439451694488525, 0.9659029245376587, 0.8005949854850769, 0.8111428618431091, 0.8224167227745056, 0.7738524675369263, 0.8304058313369751, 0.8861045837402344]",0.555
100,20,2,"[0.4681636691093445, 0.5662129521369934, 0.5880013108253479, 0.6051859259605408, 0.6184344291687012, 0.628699004650116, 0.6363524198532104, 0.6427909731864929, 0.6482663750648499, 0.6527688503265381]",0.475
100,20,4,"[0.54026859998703, 0.5851154923439026, 0.6119831204414368, 0.6247887015342712, 0.6308635473251343, 0.6331113576889038, 0.6393188238143921, 0.6451213359832764, 0.6498407125473022, 0.655474066734314]",0.435
100,20,8,"[0.4999827742576599, 0.5667248368263245, 0.5899010300636292, 0.600633978843689, 0.5953477621078491, 0.6303001642227173, 0.6402527689933777, 0.6448010802268982, 0.6462733745574951, 0.6452320218086243]",0.49
100,20,16,"[0.5280328989028931, 0.48774921894073486, 0.5916258692741394, 0.4335730969905853, 0.539512574672699, 0.5829401016235352, 0.584604799747467, 0.5304235816001892, 0.6433476805686951, 0.6054116487503052]",0.505
100,20,32,"[0.9411969184875488, 0.8766382932662964, 0.8075626492500305, 0.8806427717208862, 0.82716304063797, 1.0294442176818848, 0.7976336479187012, 0.8334741592407227, 0.7606279850006104, 0.876221776008606]",0.505
100,40,2,"[0.5063463449478149, 0.5466785430908203, 0.5747582912445068, 0.5947816967964172, 0.6092300415039062, 0.6203848123550415, 0.6293100714683533, 0.6364121437072754, 0.642460823059082, 0.6468867063522339]",0.51
100,40,4,"[0.47794726490974426, 0.5443732738494873, 0.47858327627182007, 0.47466325759887695, 0.4751201868057251, 0.47696495056152344, 0.5363702774047852, 0.5776380300521851, 0.6011510491371155, 0.6173409223556519]",0.52
100,40,8,"[0.8633117079734802, 0.850470781326294, 0.8274685144424438, 0.7503084540367126, 0.7409888505935669, 0.7633941173553467, 0.7867289185523987, 0.7198291420936584, 0.7468660473823547, 0.732463002204895]",0.505
100,40,16,"[0.49100708961486816, 0.5640356540679932, 0.5095495581626892, 0.49511170387268066, 0.5952416658401489, 0.5523435473442078, 0.5910928845405579, 0.6650288701057434, 0.6535334587097168, 0.6359641551971436]",0.505
100,40,32,"[0.6261327862739563, 0.5375456809997559, 0.5982376337051392, 0.5764948725700378, 0.5219582915306091, 0.6002941131591797, 0.5830108523368835, 0.6298998594284058, 0.6338037252426147, 0.6379533410072327]",0.57
100,80,2,"[0.4639686942100525, 0.4857272803783417, 0.5061627626419067, 0.5237511396408081, 0.5399271249771118, 0.5539090633392334, 0.5659497380256653, 0.5771004557609558, 0.5869303345680237, 0.5969303846359253]",0.55
100,80,4,"[0.5109727382659912, 0.5258324146270752, 0.5326303839683533, 0.5342389941215515, 0.5337289571762085, 0.5304269194602966, 0.5277425050735474, 0.5248652696609497, 0.5214989185333252, 0.5108667612075806]",0.515
100,80,8,"[0.9162983298301697, 0.8695648908615112, 0.8488821983337402, 0.8465439677238464, 0.8450599908828735, 0.8471388220787048, 0.7382802963256836, 0.7305065393447876, 0.753616988658905, 0.7230342030525208]",0.52
100,80,16,"[0.3922650218009949, 0.3679931163787842, 0.5130563378334045, 0.6631524562835693, 0.5555940866470337, 0.3250141739845276, 0.353763610124588, 0.4902861714363098, 0.6082042455673218, 0.39500167965888977]",0.535
100,80,32,"[0.49458813667297363, 0.6270929574966431, 0.5936599373817444, 0.6425347924232483, 0.6282791495323181, 0.6749448180198669, 0.47119206190109253, 0.3888249695301056, 0.6223100423812866, 0.5668731331825256]",0.485
100,160,2,"[1.086294412612915, 0.8065139651298523, 1.0742303133010864, 0.7627147436141968, 0.7491304874420166, 0.7382922172546387, 0.730752170085907, 0.7243934869766235, 0.719682514667511, 0.7160258293151855]",0.73
100,160,4,"[0.7569182515144348, 0.7358400821685791, 0.7236719131469727, 0.7160096764564514, 0.7112958431243896, 0.7085257768630981, 0.7063819169998169, 0.7048686146736145, 0.7035739421844482, 0.7027716636657715]",0.735
100,160,8,"[0.8992923498153687, 0.7705236673355103, 0.771191418170929, 0.7906392216682434, 0.7956936359405518, 0.8461485505104065, 0.787306010723114, 0.7472856044769287, 0.7162255048751831, 0.718167781829834]",0.505
100,160,16,"[0.97724848985672, 0.9436519145965576, 0.7887009978294373, 0.7825056910514832, 0.7851908802986145, 0.8677656650543213, 0.8177077174186707, 0.7964576482772827, 0.7664085626602173, 0.8001494407653809]",0.495
100,160,32,"[0.906593382358551, 1.013181209564209, 0.8325833678245544, 0.7588680982589722, 0.7789101600646973, 0.7614137530326843, 0.7429711818695068, 0.7057272791862488, 0.7110727429389954, 0.8082906007766724]",0.53
300,5,2,"[1.0207889080047607, 0.9527949094772339, 0.8981970548629761, 0.8592141270637512, 0.8305986523628235, 0.8103044629096985, 0.7935096025466919, 0.7813133597373962, 0.7708617448806763, 0.7628071308135986]",0.535
300,5,4,"[0.4658162295818329, 0.4604622721672058, 0.5770614743232727, 0.5826565027236938, 0.5817254781723022, 0.5818857550621033, 0.56876540184021, 0.5450105667114258, 0.5312361121177673, 0.5791025161743164]",0.52
300,5,8,"[0.48684412240982056, 0.5213708281517029, 0.5260971188545227, 0.5384343862533569, 0.45895975828170776, 0.5513776540756226, 0.5537505149841309, 0.5563555955886841, 0.6179972887039185, 0.6441265344619751]",0.485
300,5,16,"[0.9885595440864563, 0.7643032073974609, 0.74369215965271, 0.718630313873291, 0.7355147004127502, 0.7221829891204834, 0.7088091969490051, 0.6976050138473511, 0.7502855062484741, 0.702238142490387]",0.68
300,5,32,"[0.43657341599464417, 0.4403839409351349, 0.4249471127986908, 0.4336659014225006, 0.4161180853843689, 0.3464305102825165, 0.3350712060928345, 0.45554327964782715, 0.333469420671463, 0.3177262544631958]",0.76
300,10,2,"[0.4994584918022156, 0.511141300201416, 0.5225885510444641, 0.5353449583053589, 0.5460914373397827, 0.5561520457267761, 0.5615649819374084, 0.567325234413147, 0.5698040127754211, 0.5679647326469421]",0.485
300,10,4,"[0.5130878686904907, 0.5313738584518433, 0.5399929881095886, 0.5418015718460083, 0.5315044522285461, 0.6444841027259827, 0.6033256649971008, 0.5908332467079163, 0.5765901803970337, 0.5705640316009521]",0.44
300,10,8,"[0.4942091703414917, 0.5429583787918091, 0.5773159861564636, 0.5950896739959717, 0.6055464744567871, 0.6009076237678528, 0.6073165535926819, 0.6407180428504944, 0.6396358609199524, 0.601902425289154]",0.46
300,10,16,"[0.5417133569717407, 0.6156831979751587, 0.5645056962966919, 0.6595854759216309, 0.6640389561653137, 0.6137552857398987, 0.5969962477684021, 0.5842825174331665, 0.6584395170211792, 0.59486323595047]",0.52
300,10,32,"[0.9108518362045288, 0.9694929718971252, 0.825766384601593, 0.7701706290245056, 0.8862780332565308, 0.8904466032981873, 1.1128169298171997, 0.8959647417068481, 0.9918933510780334, 0.7657037973403931]",0.515
300,20,2,"[0.4689894914627075, 0.5669652223587036, 0.5331516861915588, 0.5852934122085571, 0.5826420187950134, 0.5984210968017578, 0.5928957462310791, 0.5942472219467163, 0.6314725875854492, 0.6373542547225952]",0.545
300,20,4,"[0.9032273292541504, 0.9065268039703369, 0.906158983707428, 0.9112580418586731, 0.9003325700759888, 0.8868537545204163, 0.882454514503479, 0.8837680816650391, 0.8887567520141602, 0.8884569406509399]",0.515
300,20,8,"[0.9474371075630188, 0.8862748742103577, 0.7618934512138367, 0.7678422927856445, 0.7644166946411133, 0.77165687084198, 0.7657773494720459, 0.7611619234085083, 0.7201531529426575, 0.7130563259124756]",0.555
300,20,16,"[0.8333280086517334, 0.7632443904876709, 1.0651867389678955, 0.8569722175598145, 0.8776662945747375, 0.821233868598938, 0.8145127296447754, 0.8235792517662048, 0.8877749443054199, 0.7041506767272949]",0.495
300,20,32,"[0.9969222545623779, 0.7986095547676086, 0.9389362931251526, 0.9373216032981873, 0.7541729807853699, 0.8682898283004761, 0.761614203453064, 0.7269220948219299, 0.8048597574234009, 0.7084267735481262]",0.465
300,40,2,"[0.5348573923110962, 0.544804573059082, 0.551261305809021, 0.5588046908378601, 0.5671226978302002, 0.5748787522315979, 0.5818890929222107, 0.5877000689506531, 0.5924633741378784, 0.597785234451294]",0.52
300,40,4,"[0.4782077670097351, 0.4597267508506775, 0.5731908679008484, 0.5950561165809631, 0.5497881174087524, 0.5647647976875305, 0.5778295993804932, 0.6192622184753418, 0.6136814951896667, 0.6355241537094116]",0.505
300,40,8,"[0.52138352394104, 0.5667881369590759, 0.5254339575767517, 0.6139849424362183, 0.6189475655555725, 0.6003581285476685, 0.47617998719215393, 0.4697303771972656, 0.6188210844993591, 0.4483441710472107]",0.58
300,40,16,"[0.4506937861442566, 0.529931366443634, 0.5535887479782104, 0.5215057730674744, 0.5437193512916565, 0.5776408314704895, 0.5421271920204163, 0.5850410461425781, 0.6070480346679688, 0.586213231086731]",0.54
300,40,32,"[0.4715900421142578, 0.5566127896308899, 0.4914253354072571, 0.513408362865448, 0.5793596506118774, 0.6131964921951294, 0.6463161706924438, 0.6290916204452515, 0.6651405096054077, 0.6430380344390869]",0.47
300,80,2,"[0.9659987688064575, 0.8965760469436646, 0.8515220880508423, 0.8208577036857605, 0.8004753589630127, 0.7857110500335693, 0.7746884226799011, 0.7641580104827881, 0.7566432356834412, 0.7506850957870483]",0.555
300,80,4,"[0.8497159481048584, 0.8136541843414307, 0.7872531414031982, 0.7706345915794373, 0.7611605525016785, 0.7505568265914917, 0.7486473321914673, 0.7500245571136475, 0.7562394142150879, 0.756273090839386]",0.535
300,80,8,"[0.7925119400024414, 0.8370800018310547, 0.7779889702796936, 0.7982934713363647, 0.788323163986206, 0.7813798785209656, 0.9183427095413208, 0.8749608993530273, 0.7169227004051208, 0.7140448689460754]",0.5
300,80,16,"[0.9170669317245483, 1.0150939226150513, 0.9276136159896851, 0.7456604242324829, 0.7617245316505432, 0.9420955181121826, 0.8576470613479614, 0.9435141086578369, 0.7325217723846436, 0.7769092321395874]",0.615
300,80,32,"[0.9123287200927734, 0.981860339641571, 0.9855455160140991, 0.883504331111908, 1.1111857891082764, 0.8290500640869141, 0.7888426780700684, 0.7889236211776733, 0.9859709739685059, 0.8889503479003906]",0.485
300,160,2,"[1.0990252494812012, 1.045457363128662, 1.0061044692993164, 0.9778585433959961, 0.9585301280021667, 0.9434760212898254, 0.9319725036621094, 0.9261788129806519, 0.9217661619186401, 0.9187830686569214]",0.525
300,160,4,"[0.5376659035682678, 0.55120849609375, 0.6182079315185547, 0.631499171257019, 0.6404109001159668, 0.592242956161499, 0.5924783945083618, 0.5918340682983398, 0.5922029614448547, 0.5957416296005249]",0.505
300,160,8,"[0.875336766242981, 1.0074989795684814, 0.9988184571266174, 0.9252956509590149, 0.8154297471046448, 0.8132882118225098, 0.7956250309944153, 0.7827653884887695, 0.7824552655220032, 0.7629693746566772]",0.475
300,160,16,"[0.8728804588317871, 0.7824963331222534, 0.9392247796058655, 0.7379605770111084, 0.759499728679657, 0.748020350933075, 0.7175537347793579, 0.7640726566314697, 0.7806826829910278, 0.7155464887619019]",0.45
300,160,32,"[0.40071600675582886, 0.43856778740882874, 0.4167637526988983, 0.5178890228271484, 0.4242861270904541, 0.6067876815795898, 0.5304372310638428, 0.4973147511482239, 0.599815845489502, 0.5978533029556274]",0.55
500,5,2,"[0.41962796449661255, 0.4333735704421997, 0.4484195113182068, 0.4629824161529541, 0.47623011469841003, 0.48808562755584717, 0.5022216439247131, 0.512333869934082, 0.5235221982002258, 0.5367473363876343]",0.505
500,5,4,"[0.8872557878494263, 0.8494768142700195, 0.8268085718154907, 0.809238076210022, 0.7995543479919434, 0.7852241396903992, 0.7738117575645447, 0.7644239664077759, 0.7572664618492126, 0.7528268098831177]",0.495
500,5,8,"[1.0832854509353638, 0.9999074935913086, 0.8753345012664795, 0.8376119136810303, 0.798213541507721, 0.7612994313240051, 0.7430682182312012, 0.7264233827590942, 0.7159820199012756, 0.7091262936592102]",0.655
500,5,16,"[0.41661420464515686, 0.3678584396839142, 0.4074992835521698, 0.38473647832870483, 0.3387240171432495, 0.37936896085739136, 0.6825506091117859, 0.6006141304969788, 0.3513982594013214, 0.5042406916618347]",0.64
500,5,32,"[0.9634696245193481, 0.8067702651023865, 0.7636182904243469, 0.7637585401535034, 0.7752101421356201, 0.7085894346237183, 0.6961488127708435, 0.7716025114059448, 0.7021158337593079, 0.6975172758102417]",0.7
500,10,2,"[0.5205098390579224, 0.5347457528114319, 0.5482292771339417, 0.5660208463668823, 0.5766982436180115, 0.5850827693939209, 0.5926856994628906, 0.6078560948371887, 0.6254370212554932, 0.6393270492553711]",0.47
500,10,4,"[0.4661921262741089, 0.4694116711616516, 0.46589741110801697, 0.461760938167572, 0.45143449306488037, 0.4470698833465576, 0.4432293176651001, 0.4371805191040039, 0.4347853660583496, 0.4328596591949463]",0.765
500,10,8,"[1.0746817588806152, 0.9117010235786438, 0.9077147245407104, 0.930610179901123, 0.931562066078186, 0.8078327178955078, 0.8160944581031799, 0.8203192949295044, 0.8333268761634827, 0.7822840809822083]",0.5
500,10,16,"[0.8746854066848755, 0.8681503534317017, 0.8673309087753296, 0.8850001096725464, 0.934708833694458, 0.9167304039001465, 0.759564995765686, 0.8486564755439758, 0.9423849582672119, 0.8489707708358765]",0.515
500,10,32,"[0.5543583631515503, 0.5353481769561768, 0.45752251148223877, 0.47095009684562683, 0.47499215602874756, 0.5745434165000916, 0.5797473192214966, 0.5168590545654297, 0.48887988924980164, 0.5380470156669617]",0.47
500,20,2,"[0.45924317836761475, 0.41296568512916565, 0.5341079235076904, 0.5529467463493347, 0.5654895305633545, 0.5762902498245239, 0.417341947555542, 0.5939479470252991, 0.6016547679901123, 0.451462060213089]",0.49
500,20,4,"[0.8040136694908142, 0.78052818775177, 0.7655174732208252, 0.7545214295387268, 0.7467725872993469, 0.742525577545166, 0.7379095554351807, 0.7368768453598022, 0.7367857694625854, 0.7353269457817078]",0.575
500,20,8,"[0.5970160961151123, 0.5987847447395325, 0.4668002128601074, 0.6213819980621338, 0.5131726861000061, 0.6252487897872925, 0.6202893853187561, 0.5136468410491943, 0.5685597062110901, 0.6215501427650452]",0.465
500,20,16,"[0.5695218443870544, 0.5585659146308899, 0.47806796431541443, 0.6124415397644043, 0.6106829047203064, 0.6064124703407288, 0.5480906963348389, 0.592810869216919, 0.5981271266937256, 0.627395510673523]",0.505
500,20,32,"[0.8096174001693726, 0.8586928248405457, 0.7302562594413757, 0.7349479794502258, 0.7676749229431152, 0.7191222906112671, 0.7341650128364563, 0.726945698261261, 0.7531557083129883, 0.7292375564575195]",0.54
500,40,2,"[0.9722756743431091, 0.8971129655838013, 0.8479001522064209, 0.8158613443374634, 0.794041097164154, 0.7777243852615356, 0.7662945985794067, 0.7581060528755188, 0.7501491904258728, 0.74433833360672]",0.455
500,40,4,"[0.48809099197387695, 0.5292167067527771, 0.558125913143158, 0.5808355808258057, 0.591950535774231, 0.598714292049408, 0.6038644313812256, 0.6112567186355591, 0.6233047842979431, 0.6288949847221375]",0.62
500,40,8,"[0.48752185702323914, 0.5300898551940918, 0.5912753343582153, 0.5451850891113281, 0.5364694595336914, 0.6125069260597229, 0.5499958992004395, 0.6444772481918335, 0.5812426805496216, 0.5981751084327698]",0.525
500,40,16,"[0.837007999420166, 0.8384914994239807, 0.8390052318572998, 0.7596189379692078, 0.7682034969329834, 0.7245299816131592, 0.7557901740074158, 0.7816541194915771, 0.724357545375824, 0.845341145992279]",0.46
500,40,32,"[0.5452722311019897, 0.5090131759643555, 0.5943500995635986, 0.4706175923347473, 0.40329059958457947, 0.3960663378238678, 0.619471549987793, 0.6132990121841431, 0.4097963571548462, 0.635305643081665]",0.545
500,80,2,"[0.5590636134147644, 0.5612844228744507, 0.5624486207962036, 0.5641353130340576, 0.5647883415222168, 0.5654312372207642, 0.5655073523521423, 0.5658701658248901, 0.5642377138137817, 0.5630056858062744]",0.485
500,80,4,"[1.1372734308242798, 1.1505407094955444, 1.155582308769226, 1.1537182331085205, 1.1485788822174072, 1.1505101919174194, 1.1555678844451904, 1.1591143608093262, 1.1591683626174927, 1.1634308099746704]",0.74
500,80,8,"[0.994536280632019, 0.8112473487854004, 0.7706922888755798, 0.7478904128074646, 0.7265446186065674, 0.9049334526062012, 0.864983081817627, 0.8399882912635803, 0.7555506229400635, 0.7281559109687805]",0.43
500,80,16,"[0.8836421370506287, 0.9478176832199097, 0.832301139831543, 0.7998603582382202, 0.86955726146698, 0.8281340599060059, 0.7591087818145752, 0.8964524865150452, 0.7570592164993286, 0.8040580749511719]",0.46
500,80,32,"[0.49547508358955383, 0.5443767309188843, 0.6691122055053711, 0.6795175671577454, 0.6820939183235168, 0.6785572171211243, 0.6753427386283875, 0.6575746536254883, 0.6142455339431763, 0.6503853797912598]",0.475
500,160,2,"[0.5046001672744751, 0.5317957997322083, 0.5545997619628906, 0.574756383895874, 0.5916916131973267, 0.6059157848358154, 0.618629515171051, 0.6301223039627075, 0.6396549344062805, 0.647864580154419]",0.49
500,160,4,"[0.8300658464431763, 0.7958379983901978, 0.7655999660491943, 0.7462262511253357, 0.7333486080169678, 0.7241182923316956, 0.7170186638832092, 0.7121909856796265, 0.7086136341094971, 0.705926239490509]",0.52
500,160,8,"[0.4839128851890564, 0.5069922208786011, 0.5364904403686523, 0.4922155737876892, 0.5101644992828369, 0.5725431442260742, 0.6046707034111023, 0.6178258657455444, 0.6212061047554016, 0.5554946660995483]",0.455
500,160,16,"[0.9563785791397095, 0.7555050849914551, 0.816321849822998, 0.8806475400924683, 0.7722326517105103, 0.7327411770820618, 0.7522082328796387, 0.7505338788032532, 0.726576566696167, 0.7099015712738037]",0.545
500,160,32,"[0.4369097650051117, 0.49721115827560425, 0.5143023729324341, 0.49871134757995605, 0.5774702429771423, 0.6533229947090149, 0.6171384453773499, 0.5923567414283752, 0.5534494519233704, 0.6297995448112488]",0.52
900,5,2,"[0.8569127321243286, 0.8494412899017334, 0.8447794914245605, 0.8420839309692383, 0.8465321063995361, 0.8502275943756104, 0.8579691052436829, 0.8733597993850708, 0.9008708596229553, 0.9255925416946411]",0.515
900,5,4,"[1.0263159275054932, 1.0483298301696777, 1.059187650680542, 1.0770171880722046, 1.0794692039489746, 1.0852559804916382, 1.0950841903686523, 1.1008226871490479, 1.1156318187713623, 1.1252262592315674]",0.67
900,5,8,"[0.5781351327896118, 0.4416678547859192, 0.659986138343811, 0.3957590162754059, 0.3991113007068634, 0.3967795670032501, 0.4012882113456726, 0.38956770300865173, 0.6059327125549316, 0.6321097612380981]",0.51
900,5,16,"[0.8429141044616699, 0.8381904363632202, 0.7466908097267151, 0.7934271097183228, 0.7364315986633301, 0.7441725134849548, 0.721886932849884, 0.704712986946106, 0.7066128849983215, 0.7149878740310669]",0.615
900,5,32,"[0.5483758449554443, 0.5202807784080505, 0.544076681137085, 0.5255540609359741, 0.3680360019207001, 0.6756075024604797, 0.5697036981582642, 0.6397541761398315, 0.36618176102638245, 0.563929557800293]",0.73
900,10,2,"[1.0421051979064941, 1.0012720823287964, 0.9661248922348022, 0.9255784749984741, 0.8943908214569092, 0.8751010894775391, 0.854171633720398, 0.8404181003570557, 0.8307479619979858, 0.8260179758071899]",0.515
900,10,4,"[0.5357977747917175, 0.523436427116394, 0.5238100290298462, 0.5310496091842651, 0.5332722067832947, 0.5348877310752869, 0.5447226762771606, 0.549170196056366, 0.5535820722579956, 0.5502802729606628]",0.44
900,10,8,"[1.038934588432312, 0.8967419862747192, 0.8726851940155029, 0.9864002466201782, 0.8619922399520874, 0.9611251950263977, 0.753582775592804, 0.9631246328353882, 0.9577810168266296, 0.8235280513763428]",0.56
900,10,16,"[0.41893270611763, 0.4481998085975647, 0.5302971005439758, 0.5310637950897217, 0.4560803174972534, 0.4757882058620453, 0.63240647315979, 0.5124591588973999, 0.5104143023490906, 0.4474644064903259]",0.5
900,10,32,"[0.8356019258499146, 0.9404296875, 0.8852955102920532, 0.7999894618988037, 0.8539762496948242, 0.8499391674995422, 0.741448163986206, 0.7132381200790405, 0.7133781313896179, 0.6993299126625061]",0.48
900,20,2,"[0.933505654335022, 0.9143744707107544, 0.9000144600868225, 0.890863299369812, 0.8830976486206055, 0.8786773681640625, 0.876649022102356, 0.8740302324295044, 0.8746370077133179, 0.8728657364845276]",0.475
900,20,4,"[1.0196812152862549, 0.9875124096870422, 0.8863381147384644, 0.8489080667495728, 0.8258302807807922, 0.8116240501403809, 0.7983352541923523, 0.7855947017669678, 0.7722493410110474, 0.7622914910316467]",0.52
900,20,8,"[0.9279464483261108, 0.8534380197525024, 0.7956819534301758, 0.7695910930633545, 0.752640962600708, 0.7427322864532471, 0.7326575517654419, 0.7252444624900818, 0.721219003200531, 0.7864640951156616]",0.505
900,20,16,"[0.922098696231842, 0.8457765579223633, 0.8522984981536865, 0.8513922691345215, 0.7566423416137695, 0.8810989856719971, 0.8595843315124512, 0.9336069226264954, 0.8031179904937744, 0.8829814195632935]",0.48
900,20,32,"[0.46761012077331543, 0.615966260433197, 0.5464963912963867, 0.6145243644714355, 0.513322114944458, 0.6319509744644165, 0.47499290108680725, 0.6308997869491577, 0.6794271469116211, 0.6262919902801514]",0.465
900,40,2,"[0.815386176109314, 0.800207257270813, 0.7894725203514099, 0.7805874347686768, 0.7730826735496521, 0.7666647434234619, 0.7620668411254883, 0.7583606839179993, 0.7549404501914978, 0.7517431974411011]",0.51
900,40,4,"[0.43940994143486023, 0.47057563066482544, 0.49458086490631104, 0.6126953363418579, 0.6253763437271118, 0.6358607411384583, 0.6429060697555542, 0.5797244310379028, 0.6539283990859985, 0.5626813173294067]",0.53
900,40,8,"[0.5574803352355957, 0.6002446413040161, 0.6170859932899475, 0.5971032977104187, 0.5170255899429321, 0.5582598447799683, 0.5643870830535889, 0.5740408897399902, 0.5805394649505615, 0.6742036938667297]",0.535
900,40,16,"[0.4651026725769043, 0.4898627698421478, 0.49429380893707275, 0.508547842502594, 0.5240791440010071, 0.5208131670951843, 0.5841366648674011, 0.5929032564163208, 0.5503705143928528, 0.5526670813560486]",0.48
900,40,32,"[0.44735634326934814, 0.5238096117973328, 0.499086856842041, 0.5925602912902832, 0.5888730883598328, 0.591208815574646, 0.6076688766479492, 0.6318849325180054, 0.6156754493713379, 0.6506414413452148]",0.5
900,80,2,"[0.48304855823516846, 0.5021934509277344, 0.5174815654754639, 0.5293528437614441, 0.5370609760284424, 0.5425533056259155, 0.546845555305481, 0.5496392250061035, 0.5505993962287903, 0.5519834160804749]",0.495
900,80,4,"[0.5011696815490723, 0.5771967768669128, 0.6105633974075317, 0.6290996074676514, 0.6411760449409485, 0.6560669541358948, 0.6625337600708008, 0.6676085591316223, 0.6711937189102173, 0.672637403011322]",0.53
900,80,8,"[1.017584204673767, 0.9948412179946899, 0.9321187138557434, 0.919661283493042, 0.7927383780479431, 0.906226634979248, 0.8415189981460571, 0.8857746720314026, 0.9145927429199219, 0.8293838500976562]",0.49
900,80,16,"[0.4787213206291199, 0.5935671925544739, 0.4869493246078491, 0.5930331945419312, 0.592038631439209, 0.5706630945205688, 0.610957145690918, 0.6348373293876648, 0.6305545568466187, 0.4923870861530304]",0.525
900,80,32,"[0.899929404258728, 0.7691909074783325, 0.8994113802909851, 0.9021823406219482, 0.8054895997047424, 0.8340229988098145, 0.90931236743927, 0.9115768671035767, 0.7829074859619141, 0.7941860556602478]",0.535
900,160,2,"[0.46261608600616455, 0.47125566005706787, 0.48526936769485474, 0.5415814518928528, 0.49934250116348267, 0.5173256397247314, 0.5690803527832031, 0.5449248552322388, 0.5550699234008789, 0.5410983562469482]",0.52
900,160,4,"[0.5379693508148193, 0.5904901027679443, 0.6190171241760254, 0.6359080672264099, 0.6475734114646912, 0.6558058261871338, 0.6623006463050842, 0.6668168902397156, 0.3399525284767151, 0.3464507460594177]",0.45
900,160,8,"[0.8466545343399048, 0.7832364439964294, 0.8259223699569702, 0.8054682612419128, 0.7966623902320862, 0.7864832878112793, 0.7776390910148621, 0.8721184730529785, 0.8748104572296143, 0.8779990673065186]",0.495
900,160,16,"[0.4759294390678406, 0.6220756769180298, 0.649116039276123, 0.6461114287376404, 0.6700133681297302, 0.6015117168426514, 0.5409214496612549, 0.4807376265525818, 0.6037782430648804, 0.5962589979171753]",0.495
900,160,32,"[0.8608909845352173, 0.9942800998687744, 0.7907071113586426, 1.020169734954834, 0.7198379039764404, 0.7209758162498474, 0.8107906579971313, 0.7303231954574585, 0.7312607765197754, 0.729997456073761]",0.625
